{
  "IsEncrypted": false,
  "Values": {
    "AzureWebJobsStorage": "DefaultEndpointsProtocol=https;AccountName=storageaccountdatc8260;AccountKey=8DJefRts4X5I6VDE7fXz0Ms0yUIL60tnspXTYRHE74XGQn5+Brfb0XKLvBbvK3YnTGJkWX3Ooxz083gGAH9MWw==;EndpointSuffix=core.windows.net",
    "FUNCTIONS_WORKER_RUNTIME": "dotnet",
    "storageaccountdatc8260_STORAGE": "DefaultEndpointsProtocol=https;AccountName=storageaccountdatc8260;AccountKey=8DJefRts4X5I6VDE7fXz0Ms0yUIL60tnspXTYRHE74XGQn5+Brfb0XKLvBbvK3YnTGJkWX3Ooxz083gGAH9MWw==;EndpointSuffix=core.windows.net"
  }
}
